Epoch, 0, Error, 20173.687389
Epoch, 1, Error, 55360.000000
Epoch, 2, Error, 55360.000000
Epoch, 3, Error, 55360.000000
Epoch, 4, Error, 55360.000000
Epoch, 5, Error, 55360.000000
Epoch, 6, Error, 55360.000000
Epoch, 7, Error, 55360.000000
Epoch, 8, Error, 55360.000000
Epoch, 9, Error, 55360.000000
Epoch, 10, Error, 55360.000000
Epoch, 11, Error, 55360.000000
Epoch, 12, Error, 55360.000000
Epoch, 13, Error, 55360.000000
Epoch, 14, Error, 55360.000000
Epoch, 15, Error, 55360.000000
Epoch, 16, Error, 55360.000000
Epoch, 17, Error, 55360.000000
Epoch, 18, Error, 55360.000000
Epoch, 19, Error, 55360.000000
Epoch, 20, Error, 55360.000000
Epoch, 21, Error, 55360.000000
Epoch, 22, Error, 55360.000000
Epoch, 23, Error, 55360.000000
Epoch, 24, Error, 55360.000000
Epoch, 25, Error, 55360.000000
Epoch, 26, Error, 55360.000000
Epoch, 27, Error, 55360.000000
Epoch, 28, Error, 55360.000000
Epoch, 29, Error, 55360.000000
Epoch, 30, Error, 55360.000000
Epoch, 31, Error, 55360.000000
Epoch, 32, Error, 55360.000000
Epoch, 33, Error, 55360.000000
Epoch, 34, Error, 55360.000000
Epoch, 35, Error, 55360.000000
Epoch, 36, Error, 55360.000000
Epoch, 37, Error, 55360.000000
Epoch, 38, Error, 55360.000000
Epoch, 39, Error, 55360.000000
Epoch, 40, Error, 55360.000000
Epoch, 41, Error, 55360.000000
Epoch, 42, Error, 55360.000000
Epoch, 43, Error, 55360.000000
Epoch, 44, Error, 55360.000000
Epoch, 45, Error, 55360.000000
Epoch, 46, Error, 55360.000000
Epoch, 47, Error, 55360.000000
Epoch, 48, Error, 55360.000000
Epoch, 49, Error, 55360.000000
Epoch, 50, Error, 55360.000000
Epoch, 51, Error, 55360.000000
Epoch, 52, Error, 55360.000000
Epoch, 53, Error, 55360.000000
Epoch, 54, Error, 55360.000000
Epoch, 55, Error, 55360.000000
Epoch, 56, Error, 55360.000000
Epoch, 57, Error, 55360.000000
Epoch, 58, Error, 55360.000000
Epoch, 59, Error, 55360.000000
Epoch, 60, Error, 55360.000000
Epoch, 61, Error, 55360.000000
Epoch, 62, Error, 55360.000000
Epoch, 63, Error, 55360.000000
Epoch, 64, Error, 55360.000000
Epoch, 65, Error, 55360.000000
Epoch, 66, Error, 55360.000000
Epoch, 67, Error, 55360.000000
Epoch, 68, Error, 55360.000000
Epoch, 69, Error, 55360.000000
Epoch, 70, Error, 55360.000000
Epoch, 71, Error, 55360.000000
Epoch, 72, Error, 55360.000000
Epoch, 73, Error, 55360.000000
Epoch, 74, Error, 55360.000000
Epoch, 75, Error, 55360.000000
Epoch, 76, Error, 55360.000000
Epoch, 77, Error, 55360.000000
Epoch, 78, Error, 55360.000000
Epoch, 79, Error, 55360.000000
Epoch, 80, Error, 55360.000000
Epoch, 81, Error, 55360.000000
Epoch, 82, Error, 55360.000000
Epoch, 83, Error, 55360.000000
Epoch, 84, Error, 55360.000000
Epoch, 85, Error, 55360.000000
Epoch, 86, Error, 55360.000000
Epoch, 87, Error, 55360.000000
Epoch, 88, Error, 55360.000000
Epoch, 89, Error, 55360.000000
Epoch, 90, Error, 55360.000000
Epoch, 91, Error, 55360.000000
Epoch, 92, Error, 55360.000000
Epoch, 93, Error, 55360.000000
Epoch, 94, Error, 55360.000000
Epoch, 95, Error, 55360.000000
Epoch, 96, Error, 55360.000000
Epoch, 97, Error, 55360.000000
Epoch, 98, Error, 55360.000000
Epoch, 99, Error, 55360.000000
Epoch, 100, Error, 55360.000000
Epoch, 101, Error, 55360.000000
Epoch, 102, Error, 55360.000000
Epoch, 103, Error, 55360.000000
Epoch, 104, Error, 55360.000000
Epoch, 105, Error, 55360.000000
Epoch, 106, Error, 55360.000000
Epoch, 107, Error, 55360.000000
Epoch, 108, Error, 55360.000000
Epoch, 109, Error, 55360.000000
Epoch, 110, Error, 55360.000000
Epoch, 111, Error, 55360.000000
Epoch, 112, Error, 55360.000000
Epoch, 113, Error, 55360.000000
Epoch, 114, Error, 55360.000000
Epoch, 115, Error, 55360.000000
Epoch, 116, Error, 55360.000000
Epoch, 117, Error, 55360.000000
Epoch, 118, Error, 55360.000000
Epoch, 119, Error, 55360.000000
Epoch, 120, Error, 55360.000000
Epoch, 121, Error, 55360.000000
Epoch, 122, Error, 55360.000000
Epoch, 123, Error, 55360.000000
Epoch, 124, Error, 55360.000000
Epoch, 125, Error, 55360.000000
Epoch, 126, Error, 55360.000000
Epoch, 127, Error, 55360.000000
Epoch, 128, Error, 55360.000000
Epoch, 129, Error, 55360.000000
Epoch, 130, Error, 55360.000000
Epoch, 131, Error, 55360.000000
Epoch, 132, Error, 55360.000000
Epoch, 133, Error, 55360.000000
Epoch, 134, Error, 55360.000000
Epoch, 135, Error, 55360.000000
Epoch, 136, Error, 55360.000000
Epoch, 137, Error, 55360.000000
Epoch, 138, Error, 55360.000000
Epoch, 139, Error, 55360.000000
Epoch, 140, Error, 55360.000000
Epoch, 141, Error, 55360.000000
Epoch, 142, Error, 55360.000000
Epoch, 143, Error, 55360.000000
Epoch, 144, Error, 55360.000000
Epoch, 145, Error, 55360.000000
Epoch, 146, Error, 55360.000000
Epoch, 147, Error, 55360.000000
Epoch, 148, Error, 55360.000000
Epoch, 149, Error, 55360.000000
Epoch, 150, Error, 55360.000000
Epoch, 151, Error, 55360.000000
Epoch, 152, Error, 55360.000000
Epoch, 153, Error, 55360.000000
Epoch, 154, Error, 55360.000000
Epoch, 155, Error, 55360.000000
Epoch, 156, Error, 55360.000000
Epoch, 157, Error, 55360.000000
Epoch, 158, Error, 55360.000000
Epoch, 159, Error, 55360.000000
Epoch, 160, Error, 55360.000000
Epoch, 161, Error, 55360.000000
Epoch, 162, Error, 55360.000000
Epoch, 163, Error, 55360.000000
Epoch, 164, Error, 55360.000000
Epoch, 165, Error, 55360.000000
Epoch, 166, Error, 55360.000000
Epoch, 167, Error, 55360.000000
Epoch, 168, Error, 55360.000000
Epoch, 169, Error, 55360.000000
Epoch, 170, Error, 55360.000000
Epoch, 171, Error, 55360.000000
Epoch, 172, Error, 55360.000000
Epoch, 173, Error, 55360.000000
Epoch, 174, Error, 55360.000000
Epoch, 175, Error, 55360.000000
Epoch, 176, Error, 55360.000000
Epoch, 177, Error, 55360.000000
Epoch, 178, Error, 55360.000000
Epoch, 179, Error, 55360.000000
Epoch, 180, Error, 55360.000000
Epoch, 181, Error, 55360.000000
Epoch, 182, Error, 55360.000000
Epoch, 183, Error, 55360.000000
Epoch, 184, Error, 55360.000000
Epoch, 185, Error, 55360.000000
Epoch, 186, Error, 55360.000000
Epoch, 187, Error, 55360.000000
Epoch, 188, Error, 55360.000000
Epoch, 189, Error, 55360.000000
Epoch, 190, Error, 55360.000000
Epoch, 191, Error, 55360.000000
Epoch, 192, Error, 55360.000000
Epoch, 193, Error, 55360.000000
Epoch, 194, Error, 55360.000000
Epoch, 195, Error, 55360.000000
Epoch, 196, Error, 55360.000000
Epoch, 197, Error, 55360.000000
Epoch, 198, Error, 55360.000000
Epoch, 199, Error, 55360.000000
Epoch, 200, Error, 55360.000000
Epoch, 201, Error, 55360.000000
Epoch, 202, Error, 55360.000000
Epoch, 203, Error, 55360.000000
Epoch, 204, Error, 55360.000000
Epoch, 205, Error, 55360.000000
Epoch, 206, Error, 55360.000000
Epoch, 207, Error, 55360.000000
Epoch, 208, Error, 55360.000000
Epoch, 209, Error, 55360.000000
Epoch, 210, Error, 55360.000000
Epoch, 211, Error, 55360.000000
Epoch, 212, Error, 55360.000000
Epoch, 213, Error, 55360.000000
Epoch, 214, Error, 55360.000000
Epoch, 215, Error, 55360.000000
Epoch, 216, Error, 55360.000000
Epoch, 217, Error, 55360.000000
Epoch, 218, Error, 55360.000000
Epoch, 219, Error, 55360.000000
Epoch, 220, Error, 55360.000000
Epoch, 221, Error, 55360.000000
Epoch, 222, Error, 55360.000000
Epoch, 223, Error, 55360.000000
Epoch, 224, Error, 55360.000000
Epoch, 225, Error, 55360.000000
Epoch, 226, Error, 55360.000000
Epoch, 227, Error, 55360.000000
Epoch, 228, Error, 55360.000000
Epoch, 229, Error, 55360.000000
Epoch, 230, Error, 55360.000000
Epoch, 231, Error, 55360.000000
Epoch, 232, Error, 55360.000000
Epoch, 233, Error, 55360.000000
Epoch, 234, Error, 55360.000000
Epoch, 235, Error, 55360.000000
Epoch, 236, Error, 55360.000000
Epoch, 237, Error, 55360.000000
Epoch, 238, Error, 55360.000000
Epoch, 239, Error, 55360.000000
Epoch, 240, Error, 55360.000000
Epoch, 241, Error, 55360.000000
Epoch, 242, Error, 55360.000000
Epoch, 243, Error, 55360.000000
Epoch, 244, Error, 55360.000000
Epoch, 245, Error, 55360.000000
Epoch, 246, Error, 55360.000000
Epoch, 247, Error, 55360.000000
Epoch, 248, Error, 55360.000000
Epoch, 249, Error, 55360.000000
Epoch, 250, Error, 55360.000000
Epoch, 251, Error, 55360.000000
Epoch, 252, Error, 55360.000000
Epoch, 253, Error, 55360.000000
Epoch, 254, Error, 55360.000000
Epoch, 255, Error, 55360.000000
Epoch, 256, Error, 55360.000000
Epoch, 257, Error, 55360.000000
Epoch, 258, Error, 55360.000000
Epoch, 259, Error, 55360.000000
Epoch, 260, Error, 55360.000000
Epoch, 261, Error, 55360.000000
Epoch, 262, Error, 55360.000000
Epoch, 263, Error, 55360.000000
Epoch, 264, Error, 55360.000000
Epoch, 265, Error, 55360.000000
Epoch, 266, Error, 55360.000000
Epoch, 267, Error, 55360.000000
Epoch, 268, Error, 55360.000000
Epoch, 269, Error, 55360.000000
Epoch, 270, Error, 55360.000000
Epoch, 271, Error, 55360.000000
Epoch, 272, Error, 55360.000000
Epoch, 273, Error, 55360.000000
Epoch, 274, Error, 55360.000000
Epoch, 275, Error, 55360.000000
Epoch, 276, Error, 55360.000000
Epoch, 277, Error, 55360.000000
Epoch, 278, Error, 55360.000000
Epoch, 279, Error, 55360.000000
Epoch, 280, Error, 55360.000000
Epoch, 281, Error, 55360.000000
Epoch, 282, Error, 55360.000000
Epoch, 283, Error, 55360.000000
Epoch, 284, Error, 55360.000000
Epoch, 285, Error, 55360.000000
Epoch, 286, Error, 55360.000000
Epoch, 287, Error, 55360.000000
Epoch, 288, Error, 55360.000000
Epoch, 289, Error, 55360.000000
Epoch, 290, Error, 55360.000000
Epoch, 291, Error, 55360.000000
Epoch, 292, Error, 55360.000000
Epoch, 293, Error, 55360.000000
Epoch, 294, Error, 55360.000000
Epoch, 295, Error, 55360.000000
Epoch, 296, Error, 55360.000000
Epoch, 297, Error, 55360.000000
Epoch, 298, Error, 55360.000000
Epoch, 299, Error, 55360.000000
Epoch, 300, Error, 55360.000000
Epoch, 301, Error, 55360.000000
Epoch, 302, Error, 55360.000000
Epoch, 303, Error, 55360.000000
Epoch, 304, Error, 55360.000000
Epoch, 305, Error, 55360.000000
Epoch, 306, Error, 55360.000000
Epoch, 307, Error, 55360.000000
Epoch, 308, Error, 55360.000000
Epoch, 309, Error, 55360.000000
Epoch, 310, Error, 55360.000000
Epoch, 311, Error, 55360.000000
Epoch, 312, Error, 55360.000000
Epoch, 313, Error, 55360.000000
Epoch, 314, Error, 55360.000000
Epoch, 315, Error, 55360.000000
Epoch, 316, Error, 55360.000000
Epoch, 317, Error, 55360.000000
Epoch, 318, Error, 55360.000000
Epoch, 319, Error, 55360.000000
Epoch, 320, Error, 55360.000000
Epoch, 321, Error, 55360.000000
Epoch, 322, Error, 55360.000000
Epoch, 323, Error, 55360.000000
Epoch, 324, Error, 55360.000000
Epoch, 325, Error, 55360.000000
Epoch, 326, Error, 55360.000000
Epoch, 327, Error, 55360.000000
Epoch, 328, Error, 55360.000000
Epoch, 329, Error, 55360.000000
Epoch, 330, Error, 55360.000000
Epoch, 331, Error, 55360.000000
Epoch, 332, Error, 55360.000000
Epoch, 333, Error, 55360.000000
Epoch, 334, Error, 55360.000000
Epoch, 335, Error, 55360.000000
Epoch, 336, Error, 55360.000000
Epoch, 337, Error, 55360.000000
Epoch, 338, Error, 55360.000000
Epoch, 339, Error, 55360.000000
Epoch, 340, Error, 55360.000000
Epoch, 341, Error, 55360.000000
Epoch, 342, Error, 55360.000000
Epoch, 343, Error, 55360.000000
Epoch, 344, Error, 55360.000000
Epoch, 345, Error, 55360.000000
Epoch, 346, Error, 55360.000000
Epoch, 347, Error, 55360.000000
Epoch, 348, Error, 55360.000000
Epoch, 349, Error, 55360.000000
Epoch, 350, Error, 55360.000000
Epoch, 351, Error, 55360.000000
Epoch, 352, Error, 55360.000000
Epoch, 353, Error, 55360.000000
Epoch, 354, Error, 55360.000000
Epoch, 355, Error, 55360.000000
Epoch, 356, Error, 55360.000000
Epoch, 357, Error, 55360.000000
Epoch, 358, Error, 55360.000000
Epoch, 359, Error, 55360.000000
Epoch, 360, Error, 55360.000000
Epoch, 361, Error, 55360.000000
Epoch, 362, Error, 55360.000000
Epoch, 363, Error, 55360.000000
Epoch, 364, Error, 55360.000000
Epoch, 365, Error, 55360.000000
Epoch, 366, Error, 55360.000000
Epoch, 367, Error, 55360.000000
Epoch, 368, Error, 55360.000000
Epoch, 369, Error, 55360.000000
Epoch, 370, Error, 55360.000000
Epoch, 371, Error, 55360.000000
Epoch, 372, Error, 55360.000000
Epoch, 373, Error, 55360.000000
Epoch, 374, Error, 55360.000000
Epoch, 375, Error, 55360.000000
Epoch, 376, Error, 55360.000000
Epoch, 377, Error, 55360.000000
Epoch, 378, Error, 55360.000000
Epoch, 379, Error, 55360.000000
Epoch, 380, Error, 55360.000000
Epoch, 381, Error, 55360.000000
Epoch, 382, Error, 55360.000000
Epoch, 383, Error, 55360.000000
Epoch, 384, Error, 55360.000000
Epoch, 385, Error, 55360.000000
Epoch, 386, Error, 55360.000000
Epoch, 387, Error, 55360.000000
Epoch, 388, Error, 55360.000000
Epoch, 389, Error, 55360.000000
Epoch, 390, Error, 55360.000000
Epoch, 391, Error, 55360.000000
Epoch, 392, Error, 55360.000000
Epoch, 393, Error, 55360.000000
Epoch, 394, Error, 55360.000000
Epoch, 395, Error, 55360.000000
Epoch, 396, Error, 55360.000000
Epoch, 397, Error, 55360.000000
Epoch, 398, Error, 55360.000000
Epoch, 399, Error, 55360.000000
Epoch, 400, Error, 55360.000000
Epoch, 401, Error, 55360.000000
Epoch, 402, Error, 55360.000000
Epoch, 403, Error, 55360.000000
Epoch, 404, Error, 55360.000000
Epoch, 405, Error, 55360.000000
Epoch, 406, Error, 55360.000000
Epoch, 407, Error, 55360.000000
Epoch, 408, Error, 55360.000000
Epoch, 409, Error, 55360.000000
Epoch, 410, Error, 55360.000000
Epoch, 411, Error, 55360.000000
Epoch, 412, Error, 55360.000000
Epoch, 413, Error, 55360.000000
Epoch, 414, Error, 55360.000000
Epoch, 415, Error, 55360.000000
Epoch, 416, Error, 55360.000000
Epoch, 417, Error, 55360.000000
Epoch, 418, Error, 55360.000000
Epoch, 419, Error, 55360.000000
Epoch, 420, Error, 55360.000000
Epoch, 421, Error, 55360.000000
Epoch, 422, Error, 55360.000000
Epoch, 423, Error, 55360.000000
Epoch, 424, Error, 55360.000000
Epoch, 425, Error, 55360.000000
Epoch, 426, Error, 55360.000000
Epoch, 427, Error, 55360.000000
Epoch, 428, Error, 55360.000000
Epoch, 429, Error, 55360.000000
Epoch, 430, Error, 55360.000000
Epoch, 431, Error, 55360.000000
Epoch, 432, Error, 55360.000000
Epoch, 433, Error, 55360.000000
Epoch, 434, Error, 55360.000000
Epoch, 435, Error, 55360.000000
Epoch, 436, Error, 55360.000000
Epoch, 437, Error, 55360.000000
Epoch, 438, Error, 55360.000000
Epoch, 439, Error, 55360.000000
Epoch, 440, Error, 55360.000000
Epoch, 441, Error, 55360.000000
Epoch, 442, Error, 55360.000000
Epoch, 443, Error, 55360.000000
Epoch, 444, Error, 55360.000000
Epoch, 445, Error, 55360.000000
Epoch, 446, Error, 55360.000000
Epoch, 447, Error, 55360.000000
Epoch, 448, Error, 55360.000000
Epoch, 449, Error, 55360.000000
Epoch, 450, Error, 55360.000000
Epoch, 451, Error, 55360.000000
Epoch, 452, Error, 55360.000000
Epoch, 453, Error, 55360.000000
Epoch, 454, Error, 55360.000000
Epoch, 455, Error, 55360.000000
Epoch, 456, Error, 55360.000000
Epoch, 457, Error, 55360.000000
Epoch, 458, Error, 55360.000000
Epoch, 459, Error, 55360.000000
Epoch, 460, Error, 55360.000000
Epoch, 461, Error, 55360.000000
Epoch, 462, Error, 55360.000000
Epoch, 463, Error, 55360.000000
Epoch, 464, Error, 55360.000000
Epoch, 465, Error, 55360.000000
Epoch, 466, Error, 55360.000000
Epoch, 467, Error, 55360.000000
Epoch, 468, Error, 55360.000000
Epoch, 469, Error, 55360.000000
Epoch, 470, Error, 55360.000000
Epoch, 471, Error, 55360.000000
Epoch, 472, Error, 55360.000000
Epoch, 473, Error, 55360.000000
Epoch, 474, Error, 55360.000000
Epoch, 475, Error, 55360.000000
Epoch, 476, Error, 55360.000000
Epoch, 477, Error, 55360.000000
Epoch, 478, Error, 55360.000000
Epoch, 479, Error, 55360.000000
Epoch, 480, Error, 55360.000000
Epoch, 481, Error, 55360.000000
Epoch, 482, Error, 55360.000000
Epoch, 483, Error, 55360.000000
Epoch, 484, Error, 55360.000000
Epoch, 485, Error, 55360.000000
Epoch, 486, Error, 55360.000000
Epoch, 487, Error, 55360.000000
Epoch, 488, Error, 55360.000000
Epoch, 489, Error, 55360.000000
Epoch, 490, Error, 55360.000000
Epoch, 491, Error, 55360.000000
Epoch, 492, Error, 55360.000000
Epoch, 493, Error, 55360.000000
Epoch, 494, Error, 55360.000000
Epoch, 495, Error, 55360.000000
Epoch, 496, Error, 55360.000000
Epoch, 497, Error, 55360.000000
Epoch, 498, Error, 55360.000000
Epoch, 499, Error, 55360.000000
Epoch, 500, Error, 55360.000000
Epoch, 501, Error, 55360.000000
Epoch, 502, Error, 55360.000000
Epoch, 503, Error, 55360.000000
Epoch, 504, Error, 55360.000000
Epoch, 505, Error, 55360.000000
Epoch, 506, Error, 55360.000000
Epoch, 507, Error, 55360.000000
Epoch, 508, Error, 55360.000000
Epoch, 509, Error, 55360.000000
Epoch, 510, Error, 55360.000000
Epoch, 511, Error, 55360.000000
Epoch, 512, Error, 55360.000000
Epoch, 513, Error, 55360.000000
Epoch, 514, Error, 55360.000000
Epoch, 515, Error, 55360.000000
Epoch, 516, Error, 55360.000000
Epoch, 517, Error, 55360.000000
Epoch, 518, Error, 55360.000000
Epoch, 519, Error, 55360.000000
Epoch, 520, Error, 55360.000000
Epoch, 521, Error, 55360.000000
Epoch, 522, Error, 55360.000000
Epoch, 523, Error, 55360.000000
Epoch, 524, Error, 55360.000000
Epoch, 525, Error, 55360.000000
Epoch, 526, Error, 55360.000000
Epoch, 527, Error, 55360.000000
Epoch, 528, Error, 55360.000000
Epoch, 529, Error, 55360.000000
Epoch, 530, Error, 55360.000000
Epoch, 531, Error, 55360.000000
Epoch, 532, Error, 55360.000000
Epoch, 533, Error, 55360.000000
Epoch, 534, Error, 55360.000000
Epoch, 535, Error, 55360.000000
Epoch, 536, Error, 55360.000000
Epoch, 537, Error, 55360.000000
Epoch, 538, Error, 55360.000000
Epoch, 539, Error, 55360.000000
Epoch, 540, Error, 55360.000000
Epoch, 541, Error, 55360.000000
Epoch, 542, Error, 55360.000000
Epoch, 543, Error, 55360.000000
Epoch, 544, Error, 55360.000000
Epoch, 545, Error, 55360.000000
Epoch, 546, Error, 55360.000000
Epoch, 547, Error, 55360.000000
Epoch, 548, Error, 55360.000000
Epoch, 549, Error, 55360.000000
Epoch, 550, Error, 55360.000000
Epoch, 551, Error, 55360.000000
Epoch, 552, Error, 55360.000000
Epoch, 553, Error, 55360.000000
Epoch, 554, Error, 55360.000000
Epoch, 555, Error, 55360.000000
Epoch, 556, Error, 55360.000000
Epoch, 557, Error, 55360.000000
Epoch, 558, Error, 55360.000000
Epoch, 559, Error, 55360.000000
Epoch, 560, Error, 55360.000000
Epoch, 561, Error, 55360.000000
Epoch, 562, Error, 55360.000000
Epoch, 563, Error, 55360.000000
Epoch, 564, Error, 55360.000000
Epoch, 565, Error, 55360.000000
Epoch, 566, Error, 55360.000000
Epoch, 567, Error, 55360.000000
Epoch, 568, Error, 55360.000000
Epoch, 569, Error, 55360.000000
Epoch, 570, Error, 55360.000000
Epoch, 571, Error, 55360.000000
Epoch, 572, Error, 55360.000000
Epoch, 573, Error, 55360.000000
Epoch, 574, Error, 55360.000000
Epoch, 575, Error, 55360.000000
Epoch, 576, Error, 55360.000000
Epoch, 577, Error, 55360.000000
Epoch, 578, Error, 55360.000000
Epoch, 579, Error, 55360.000000
Epoch, 580, Error, 55360.000000
Epoch, 581, Error, 55360.000000
Epoch, 582, Error, 55360.000000
Epoch, 583, Error, 55360.000000
Epoch, 584, Error, 55360.000000
Epoch, 585, Error, 55360.000000
Epoch, 586, Error, 55360.000000
Epoch, 587, Error, 55360.000000
Epoch, 588, Error, 55360.000000
Epoch, 589, Error, 55360.000000
Epoch, 590, Error, 55360.000000
Epoch, 591, Error, 55360.000000
Epoch, 592, Error, 55360.000000
Epoch, 593, Error, 55360.000000
Epoch, 594, Error, 55360.000000
Epoch, 595, Error, 55360.000000
Epoch, 596, Error, 55360.000000
Epoch, 597, Error, 55360.000000
Epoch, 598, Error, 55360.000000
Epoch, 599, Error, 55360.000000
Epoch, 600, Error, 55360.000000
Epoch, 601, Error, 55360.000000
Epoch, 602, Error, 55360.000000
Epoch, 603, Error, 55360.000000
Epoch, 604, Error, 55360.000000
Epoch, 605, Error, 55360.000000
Epoch, 606, Error, 55360.000000
Epoch, 607, Error, 55360.000000
Epoch, 608, Error, 55360.000000
Epoch, 609, Error, 55360.000000
Epoch, 610, Error, 55360.000000
Epoch, 611, Error, 55360.000000
Epoch, 612, Error, 55360.000000
Epoch, 613, Error, 55360.000000
Epoch, 614, Error, 55360.000000
Epoch, 615, Error, 55360.000000
Epoch, 616, Error, 55360.000000
Epoch, 617, Error, 55360.000000
Epoch, 618, Error, 55360.000000
Epoch, 619, Error, 55360.000000
Epoch, 620, Error, 55360.000000
Epoch, 621, Error, 55360.000000
Epoch, 622, Error, 55360.000000
Epoch, 623, Error, 55360.000000
Epoch, 624, Error, 55360.000000
Epoch, 625, Error, 55360.000000
Epoch, 626, Error, 55360.000000
Epoch, 627, Error, 55360.000000
Epoch, 628, Error, 55360.000000
Epoch, 629, Error, 55360.000000
Epoch, 630, Error, 55360.000000
Epoch, 631, Error, 55360.000000
Epoch, 632, Error, 55360.000000
Epoch, 633, Error, 55360.000000
Epoch, 634, Error, 55360.000000
Epoch, 635, Error, 55360.000000
Epoch, 636, Error, 55360.000000
Epoch, 637, Error, 55360.000000
Epoch, 638, Error, 55360.000000
Epoch, 639, Error, 55360.000000
Epoch, 640, Error, 55360.000000
Epoch, 641, Error, 55360.000000
Epoch, 642, Error, 55360.000000
Epoch, 643, Error, 55360.000000
Epoch, 644, Error, 55360.000000
Epoch, 645, Error, 55360.000000
Epoch, 646, Error, 55360.000000
Epoch, 647, Error, 55360.000000
Epoch, 648, Error, 55360.000000
Epoch, 649, Error, 55360.000000
Epoch, 650, Error, 55360.000000
Epoch, 651, Error, 55360.000000
Epoch, 652, Error, 55360.000000
Epoch, 653, Error, 55360.000000
Epoch, 654, Error, 55360.000000
Epoch, 655, Error, 55360.000000
Epoch, 656, Error, 55360.000000
Epoch, 657, Error, 55360.000000
Epoch, 658, Error, 55360.000000
Epoch, 659, Error, 55360.000000
Epoch, 660, Error, 55360.000000
Epoch, 661, Error, 55360.000000
Epoch, 662, Error, 55360.000000
Epoch, 663, Error, 55360.000000
Epoch, 664, Error, 55360.000000
Epoch, 665, Error, 55360.000000
Epoch, 666, Error, 55360.000000
Epoch, 667, Error, 55360.000000
Epoch, 668, Error, 55360.000000
Epoch, 669, Error, 55360.000000
Epoch, 670, Error, 55360.000000
Epoch, 671, Error, 55360.000000
Epoch, 672, Error, 55360.000000
Epoch, 673, Error, 55360.000000
Epoch, 674, Error, 55360.000000
Epoch, 675, Error, 55360.000000
Epoch, 676, Error, 55360.000000
Epoch, 677, Error, 55360.000000
Epoch, 678, Error, 55360.000000
Epoch, 679, Error, 55360.000000
Epoch, 680, Error, 55360.000000
Epoch, 681, Error, 55360.000000
Epoch, 682, Error, 55360.000000
Epoch, 683, Error, 55360.000000
Epoch, 684, Error, 55360.000000
Epoch, 685, Error, 55360.000000
Epoch, 686, Error, 55360.000000
Epoch, 687, Error, 55360.000000
Epoch, 688, Error, 55360.000000
Epoch, 689, Error, 55360.000000
Epoch, 690, Error, 55360.000000
Epoch, 691, Error, 55360.000000
Epoch, 692, Error, 55360.000000
Epoch, 693, Error, 55360.000000
Epoch, 694, Error, 55360.000000
Epoch, 695, Error, 55360.000000
Epoch, 696, Error, 55360.000000
Epoch, 697, Error, 55360.000000
Epoch, 698, Error, 55360.000000
Epoch, 699, Error, 55360.000000
Epoch, 700, Error, 55360.000000
Epoch, 701, Error, 55360.000000
Epoch, 702, Error, 55360.000000
Epoch, 703, Error, 55360.000000
Epoch, 704, Error, 55360.000000
Epoch, 705, Error, 55360.000000
Epoch, 706, Error, 55360.000000
Epoch, 707, Error, 55360.000000
Epoch, 708, Error, 55360.000000
Epoch, 709, Error, 55360.000000
Epoch, 710, Error, 55360.000000
Epoch, 711, Error, 55360.000000
Epoch, 712, Error, 55360.000000
Epoch, 713, Error, 55360.000000
Epoch, 714, Error, 55360.000000
Epoch, 715, Error, 55360.000000
Epoch, 716, Error, 55360.000000
Epoch, 717, Error, 55360.000000
Epoch, 718, Error, 55360.000000
Epoch, 719, Error, 55360.000000
Epoch, 720, Error, 55360.000000
Epoch, 721, Error, 55360.000000
Epoch, 722, Error, 55360.000000
Epoch, 723, Error, 55360.000000
Epoch, 724, Error, 55360.000000
Epoch, 725, Error, 55360.000000
Epoch, 726, Error, 55360.000000
Epoch, 727, Error, 55360.000000
Epoch, 728, Error, 55360.000000
Epoch, 729, Error, 55360.000000
Epoch, 730, Error, 55360.000000
Epoch, 731, Error, 55360.000000
Epoch, 732, Error, 55360.000000
Epoch, 733, Error, 55360.000000
Epoch, 734, Error, 55360.000000
Epoch, 735, Error, 55360.000000
Epoch, 736, Error, 55360.000000
Epoch, 737, Error, 55360.000000
Epoch, 738, Error, 55360.000000
Epoch, 739, Error, 55360.000000
Epoch, 740, Error, 55360.000000
Epoch, 741, Error, 55360.000000
Epoch, 742, Error, 55360.000000
Epoch, 743, Error, 55360.000000
Epoch, 744, Error, 55360.000000
Epoch, 745, Error, 55360.000000
Epoch, 746, Error, 55360.000000
Epoch, 747, Error, 55360.000000
Epoch, 748, Error, 55360.000000
Epoch, 749, Error, 55360.000000
Epoch, 750, Error, 55360.000000
Epoch, 751, Error, 55360.000000
Epoch, 752, Error, 55360.000000
Epoch, 753, Error, 55360.000000
Epoch, 754, Error, 55360.000000
Epoch, 755, Error, 55360.000000
Epoch, 756, Error, 55360.000000
Epoch, 757, Error, 55360.000000
Epoch, 758, Error, 55360.000000
Epoch, 759, Error, 55360.000000
Epoch, 760, Error, 55360.000000
Epoch, 761, Error, 55360.000000
Epoch, 762, Error, 55360.000000
Epoch, 763, Error, 55360.000000
Epoch, 764, Error, 55360.000000
Epoch, 765, Error, 55360.000000
Epoch, 766, Error, 55360.000000
Epoch, 767, Error, 55360.000000
Epoch, 768, Error, 55360.000000
Epoch, 769, Error, 55360.000000
Epoch, 770, Error, 55360.000000
Epoch, 771, Error, 55360.000000
Epoch, 772, Error, 55360.000000
Epoch, 773, Error, 55360.000000
Epoch, 774, Error, 55360.000000
Epoch, 775, Error, 55360.000000
Epoch, 776, Error, 55360.000000
Epoch, 777, Error, 55360.000000
Epoch, 778, Error, 55360.000000
Epoch, 779, Error, 55360.000000
Epoch, 780, Error, 55360.000000
Epoch, 781, Error, 55360.000000
Epoch, 782, Error, 55360.000000
Epoch, 783, Error, 55360.000000
Epoch, 784, Error, 55360.000000
Epoch, 785, Error, 55360.000000
Epoch, 786, Error, 55360.000000
Epoch, 787, Error, 55360.000000
Epoch, 788, Error, 55360.000000
Epoch, 789, Error, 55360.000000
Epoch, 790, Error, 55360.000000
Epoch, 791, Error, 55360.000000
Epoch, 792, Error, 55360.000000
Epoch, 793, Error, 55360.000000
Epoch, 794, Error, 55360.000000
Epoch, 795, Error, 55360.000000
Epoch, 796, Error, 55360.000000
Epoch, 797, Error, 55360.000000
Epoch, 798, Error, 55360.000000
Epoch, 799, Error, 55360.000000
Epoch, 800, Error, 55360.000000
Epoch, 801, Error, 55360.000000
Epoch, 802, Error, 55360.000000
Epoch, 803, Error, 55360.000000
Epoch, 804, Error, 55360.000000
Epoch, 805, Error, 55360.000000
Epoch, 806, Error, 55360.000000
Epoch, 807, Error, 55360.000000
Epoch, 808, Error, 55360.000000
Epoch, 809, Error, 55360.000000
Epoch, 810, Error, 55360.000000
Epoch, 811, Error, 55360.000000
Epoch, 812, Error, 55360.000000
Epoch, 813, Error, 55360.000000
Epoch, 814, Error, 55360.000000
Epoch, 815, Error, 55360.000000
Epoch, 816, Error, 55360.000000
Epoch, 817, Error, 55360.000000
Epoch, 818, Error, 55360.000000
Epoch, 819, Error, 55360.000000
Epoch, 820, Error, 55360.000000
Epoch, 821, Error, 55360.000000
Epoch, 822, Error, 55360.000000
Epoch, 823, Error, 55360.000000
Epoch, 824, Error, 55360.000000
Epoch, 825, Error, 55360.000000
Epoch, 826, Error, 55360.000000
Epoch, 827, Error, 55360.000000
Epoch, 828, Error, 55360.000000
Epoch, 829, Error, 55360.000000
Epoch, 830, Error, 55360.000000
Epoch, 831, Error, 55360.000000
Epoch, 832, Error, 55360.000000
Epoch, 833, Error, 55360.000000
Epoch, 834, Error, 55360.000000
Epoch, 835, Error, 55360.000000
Epoch, 836, Error, 55360.000000
Epoch, 837, Error, 55360.000000
Epoch, 838, Error, 55360.000000
Epoch, 839, Error, 55360.000000
Epoch, 840, Error, 55360.000000
Epoch, 841, Error, 55360.000000
Epoch, 842, Error, 55360.000000
Epoch, 843, Error, 55360.000000
Epoch, 844, Error, 55360.000000
Epoch, 845, Error, 55360.000000
Epoch, 846, Error, 55360.000000
Epoch, 847, Error, 55360.000000
Epoch, 848, Error, 55360.000000
Epoch, 849, Error, 55360.000000
Epoch, 850, Error, 55360.000000
Epoch, 851, Error, 55360.000000
Epoch, 852, Error, 55360.000000
Epoch, 853, Error, 55360.000000
Epoch, 854, Error, 55360.000000
Epoch, 855, Error, 55360.000000
Epoch, 856, Error, 55360.000000
Epoch, 857, Error, 55360.000000
Epoch, 858, Error, 55360.000000
Epoch, 859, Error, 55360.000000
Epoch, 860, Error, 55360.000000
Epoch, 861, Error, 55360.000000
Epoch, 862, Error, 55360.000000
Epoch, 863, Error, 55360.000000
Epoch, 864, Error, 55360.000000
Epoch, 865, Error, 55360.000000
Epoch, 866, Error, 55360.000000
Epoch, 867, Error, 55360.000000
Epoch, 868, Error, 55360.000000
Epoch, 869, Error, 55360.000000
Epoch, 870, Error, 55360.000000
Epoch, 871, Error, 55360.000000
Epoch, 872, Error, 55360.000000
Epoch, 873, Error, 55360.000000
Epoch, 874, Error, 55360.000000
Epoch, 875, Error, 55360.000000
Epoch, 876, Error, 55360.000000
Epoch, 877, Error, 55360.000000
Epoch, 878, Error, 55360.000000
Epoch, 879, Error, 55360.000000
Epoch, 880, Error, 55360.000000
Epoch, 881, Error, 55360.000000
Epoch, 882, Error, 55360.000000
Epoch, 883, Error, 55360.000000
Epoch, 884, Error, 55360.000000
Epoch, 885, Error, 55360.000000
Epoch, 886, Error, 55360.000000
Epoch, 887, Error, 55360.000000
Epoch, 888, Error, 55360.000000
Epoch, 889, Error, 55360.000000
Epoch, 890, Error, 55360.000000
Epoch, 891, Error, 55360.000000
Epoch, 892, Error, 55360.000000
Epoch, 893, Error, 55360.000000
Epoch, 894, Error, 55360.000000
Epoch, 895, Error, 55360.000000
Epoch, 896, Error, 55360.000000
Epoch, 897, Error, 55360.000000
Epoch, 898, Error, 55360.000000
Epoch, 899, Error, 55360.000000
Epoch, 900, Error, 55360.000000
Epoch, 901, Error, 55360.000000
Epoch, 902, Error, 55360.000000
Epoch, 903, Error, 55360.000000
Epoch, 904, Error, 55360.000000
Epoch, 905, Error, 55360.000000
Epoch, 906, Error, 55360.000000
Epoch, 907, Error, 55360.000000
Epoch, 908, Error, 55360.000000
Epoch, 909, Error, 55360.000000
Epoch, 910, Error, 55360.000000
Epoch, 911, Error, 55360.000000
Epoch, 912, Error, 55360.000000
Epoch, 913, Error, 55360.000000
Epoch, 914, Error, 55360.000000
Epoch, 915, Error, 55360.000000
Epoch, 916, Error, 55360.000000
Epoch, 917, Error, 55360.000000
Epoch, 918, Error, 55360.000000
Epoch, 919, Error, 55360.000000
Epoch, 920, Error, 55360.000000
Epoch, 921, Error, 55360.000000
Epoch, 922, Error, 55360.000000
Epoch, 923, Error, 55360.000000
Epoch, 924, Error, 55360.000000
Epoch, 925, Error, 55360.000000
Epoch, 926, Error, 55360.000000
Epoch, 927, Error, 55360.000000
Epoch, 928, Error, 55360.000000
Epoch, 929, Error, 55360.000000
Epoch, 930, Error, 55360.000000
Epoch, 931, Error, 55360.000000
Epoch, 932, Error, 55360.000000
Epoch, 933, Error, 55360.000000
Epoch, 934, Error, 55360.000000
Epoch, 935, Error, 55360.000000
Epoch, 936, Error, 55360.000000
Epoch, 937, Error, 55360.000000
Epoch, 938, Error, 55360.000000
Epoch, 939, Error, 55360.000000
Epoch, 940, Error, 55360.000000
Epoch, 941, Error, 55360.000000
Epoch, 942, Error, 55360.000000
Epoch, 943, Error, 55360.000000
Epoch, 944, Error, 55360.000000
Epoch, 945, Error, 55360.000000
Epoch, 946, Error, 55360.000000
Epoch, 947, Error, 55360.000000
Epoch, 948, Error, 55360.000000
Epoch, 949, Error, 55360.000000
Epoch, 950, Error, 55360.000000
Epoch, 951, Error, 55360.000000
Epoch, 952, Error, 55360.000000
Epoch, 953, Error, 55360.000000
Epoch, 954, Error, 55360.000000
Epoch, 955, Error, 55360.000000
Epoch, 956, Error, 55360.000000
Epoch, 957, Error, 55360.000000
Epoch, 958, Error, 55360.000000
Epoch, 959, Error, 55360.000000
Epoch, 960, Error, 55360.000000
Epoch, 961, Error, 55360.000000
Epoch, 962, Error, 55360.000000
Epoch, 963, Error, 55360.000000
Epoch, 964, Error, 55360.000000
Epoch, 965, Error, 55360.000000
Epoch, 966, Error, 55360.000000
Epoch, 967, Error, 55360.000000
Epoch, 968, Error, 55360.000000
Epoch, 969, Error, 55360.000000
Epoch, 970, Error, 55360.000000
Epoch, 971, Error, 55360.000000
Epoch, 972, Error, 55360.000000
Epoch, 973, Error, 55360.000000
Epoch, 974, Error, 55360.000000
Epoch, 975, Error, 55360.000000
Epoch, 976, Error, 55360.000000
Epoch, 977, Error, 55360.000000
Epoch, 978, Error, 55360.000000
Epoch, 979, Error, 55360.000000
Epoch, 980, Error, 55360.000000
Epoch, 981, Error, 55360.000000
Epoch, 982, Error, 55360.000000
Epoch, 983, Error, 55360.000000
Epoch, 984, Error, 55360.000000
Epoch, 985, Error, 55360.000000
Epoch, 986, Error, 55360.000000
Epoch, 987, Error, 55360.000000
Epoch, 988, Error, 55360.000000
Epoch, 989, Error, 55360.000000
Epoch, 990, Error, 55360.000000
Epoch, 991, Error, 55360.000000
Epoch, 992, Error, 55360.000000
Epoch, 993, Error, 55360.000000
Epoch, 994, Error, 55360.000000
Epoch, 995, Error, 55360.000000
Epoch, 996, Error, 55360.000000
Epoch, 997, Error, 55360.000000
Epoch, 998, Error, 55360.000000
Epoch, 999, Error, 55360.000000
